2017-11-30 21:17:25.752841,65,0,False
2017-11-30 21:17:30.775478,65,0,False
2017-11-30 21:17:35.791550,65,0,False
2017-11-30 21:17:40.807345,65,0,False
2017-11-30 21:17:45.820716,65,0,False
2017-11-30 21:17:50.836564,65,32.0,True
2017-11-30 21:17:55.850988,65,32.0,True
2017-11-30 21:18:00.867993,65,32.0,True
2017-11-30 21:18:05.886216,65,32.0,True
2017-11-30 21:18:10.905812,65,32.0,True
2017-11-30 21:18:15.924031,65,32.0,True
2017-11-30 21:18:20.941099,65,32.0,True
2017-11-30 21:18:25.957434,65,32.0,True
2017-11-30 21:18:30.972821,65,32.0,True
2017-11-30 21:18:35.988194,65,32.0,True
2017-11-30 21:18:41.006186,65,32.0,True
2017-11-30 21:18:46.024181,65,32.0,True
2017-11-30 21:18:51.042167,65,32.0,True
2017-11-30 21:18:56.060264,65,32.0,True
2017-11-30 21:19:01.079274,65,32.0,True
2017-11-30 21:19:06.097421,65,32.0,True
2017-11-30 21:19:11.113519,65,32.0,True
2017-11-30 21:19:16.131757,65,32.0,True
2017-11-30 21:19:21.150182,65,32.0,True
2017-11-30 21:19:26.168713,65,32.0,True
2017-11-30 21:19:31.185726,65,32.0,True
2017-11-30 21:19:36.201327,65,32.0,True
2017-11-30 21:19:41.220561,65,32.0,True
2017-11-30 21:19:46.236006,65,32.0,True
2017-11-30 21:19:51.254062,65,32.0,True
2017-11-30 21:19:56.272053,65,32.0,True
2017-11-30 21:20:01.290791,65,32.0,True
2017-11-30 21:20:06.309865,65,32.0,True
2017-11-30 21:20:11.326413,65,32.0,True
2017-11-30 21:20:16.344844,65,32.0,True
2017-11-30 21:20:21.361907,65,32.0,True
2017-11-30 21:20:26.372305,65,32.0,True
2017-11-30 21:20:31.388426,65,32.0,True
2017-11-30 21:20:36.406825,65,32.0,True
2017-11-30 21:20:41.425176,65,32.0,True
2017-11-30 21:20:46.440800,65,32.0,True
2017-11-30 21:20:51.459166,65,32.0,True
2017-11-30 21:20:56.475943,65,32.0,True
2017-11-30 21:21:01.494393,65,32.0,True
2017-11-30 21:21:06.512706,65,32.0,True
2017-11-30 21:21:11.530730,65,32.0,True
2017-11-30 21:21:16.546348,65,32.0,True
2017-11-30 21:21:21.565331,65,32.0,True
2017-11-30 21:21:26.583684,65,32.0,True
2017-11-30 21:21:31.602092,65,32.0,True
2017-11-30 21:21:36.621734,65,32.0,True
2017-11-30 21:21:41.649440,65,32.0,True
2017-11-30 21:21:46.672761,65,32.0,True
2017-11-30 21:21:51.766288,65,32.0,True
2017-11-30 21:21:56.773157,65,32.0,True
2017-11-30 21:22:01.781352,65,32.0,True
2017-11-30 21:22:06.791629,65,32.0,True
2017-11-30 21:22:11.803147,65,32.0,True
2017-11-30 21:22:16.823163,65,32.0,True
2017-11-30 21:23:27.017088,65,0,False
2017-11-30 21:23:32.028414,65,0,False
2017-11-30 21:23:37.047161,65,0,False
2017-11-30 21:23:42.077261,65,0,False
2017-11-30 21:23:47.097435,65,32.0,True
2017-11-30 21:23:52.117084,65,32.0,True
2017-11-30 21:23:57.137868,65,32.0,True
2017-11-30 21:24:02.156158,65,32.0,True
2017-11-30 21:24:07.173659,65,32.0,True
2017-11-30 21:24:12.191977,65,32.0,True
2017-11-30 21:24:17.208053,65,32.0,True
2017-11-30 21:24:22.226762,65,32.0,True
2017-11-30 21:24:27.246615,65,32.0,True
2017-11-30 21:24:32.262427,65,32.0,True
2017-11-30 21:24:37.274636,65,32.0,True
2017-11-30 21:24:42.293684,65,32.0,True
2017-11-30 21:24:47.311930,65,32.0,True
2017-11-30 21:24:52.327854,65,32.0,True
2017-11-30 21:24:57.345813,65,32.0,True
2017-11-30 21:25:02.365214,65,32.0,True
2017-11-30 21:25:07.383701,65,32.0,True
2017-11-30 21:25:12.399840,65,32.0,True
2017-11-30 22:43:42.635172,65,0,False
2017-11-30 22:43:47.648162,65,0,False
2017-11-30 22:43:52.659898,65,0,False
2017-11-30 22:43:57.677532,65,0,False
2017-11-30 22:44:02.698303,65,32.0,True
2017-11-30 22:44:07.718055,65,32.0,True
2017-11-30 22:44:12.739645,65,32.0,True
2017-11-30 22:44:17.759595,65,32.0,True
2017-11-30 22:44:22.780159,65,32.0,True
2017-11-30 22:44:27.797558,65,32.0,True
2017-11-30 22:44:32.817039,65,32.0,True
2017-11-30 22:44:37.836900,65,32.0,True
2017-11-30 22:44:42.857684,65,32.0,True
2017-11-30 22:44:47.877599,65,32.0,True
2017-11-30 22:44:52.899051,65,32.0,True
2017-11-30 22:44:57.918913,65,32.0,True
2017-11-30 22:45:02.938707,65,32.0,True
2017-11-30 22:45:07.957584,65,32.0,True
2017-11-30 22:45:12.978760,65,32.0,True
2017-11-30 22:45:18.000005,65,32.0,True
2017-11-30 22:45:23.017658,65,32.0,True
2017-11-30 22:45:28.037433,65,32.0,True
2017-11-30 22:45:33.057345,65,32.0,True
2017-11-30 22:45:38.077251,65,32.0,True
2017-11-30 22:45:43.097326,65,32.0,True
2017-11-30 22:45:48.117304,65,32.0,True
2017-11-30 22:45:53.137172,65,32.0,True
2017-11-30 22:45:58.158031,65,32.0,True
2017-11-30 22:46:03.178776,65,32.0,True
2017-11-30 22:46:08.198731,65,32.0,True
2017-11-30 22:46:13.219153,65,32.0,True
2017-11-30 22:46:18.238958,65,32.0,True
2017-11-30 22:46:23.257929,65,32.0,True
2017-11-30 22:46:28.278704,65,32.0,True
2017-11-30 22:46:33.297580,65,32.0,True
2017-11-30 22:46:38.317330,65,32.0,True
2017-11-30 22:46:43.335749,65,32.0,True
2017-11-30 22:46:48.355508,65,32.0,True
2017-11-30 22:46:53.375836,65,32.0,True
2017-11-30 22:46:58.397321,65,32.0,True
2017-11-30 22:47:03.417393,65,32.0,True
2017-11-30 22:47:08.435689,65,32.0,True
2017-11-30 22:47:13.456468,65,32.0,True
2017-11-30 22:47:18.474678,65,32.0,True
2017-11-30 22:47:23.492543,65,32.0,True
2017-11-30 22:47:28.511509,65,32.0,True
2017-11-30 22:47:33.529571,65,32.0,True
2017-11-30 22:47:38.547547,65,32.0,True
2017-11-30 22:47:43.565607,65,32.0,True
2017-11-30 22:47:48.584528,65,32.0,True
2017-11-30 22:47:53.603084,65,32.0,True
2017-11-30 22:47:58.621163,65,32.0,True
2017-11-30 22:48:03.639432,65,32.0,True
2017-11-30 22:48:08.657149,65,32.0,True
2017-11-30 22:48:13.677273,65,32.0,True
2017-11-30 22:48:18.695794,65,32.0,True
2017-11-30 22:48:23.714338,65,32.0,True
2017-11-30 22:48:28.733933,65,32.0,True
2017-11-30 22:48:33.752313,65,32.0,True
2017-11-30 22:48:38.770677,65,32.0,True
2017-11-30 22:48:43.788982,65,32.0,True
2017-11-30 22:48:48.806406,65,32.0,True
2017-11-30 22:48:53.824428,65,32.0,True
2017-11-30 22:48:58.842349,65,32.0,True
2017-11-30 22:49:03.860407,65,32.0,True
2017-11-30 22:49:08.880548,65,32.0,True
2017-11-30 22:49:13.901128,65,32.0,True
2017-11-30 22:49:18.920751,65,32.0,True
2017-11-30 22:49:23.940565,65,32.0,True
2017-11-30 22:49:28.961735,65,32.0,True
2017-11-30 22:49:33.982824,65,32.0,True
2017-11-30 22:49:39.002699,65,32.0,True
2017-11-30 22:49:44.020944,65,32.0,True
2017-11-30 22:49:49.040591,65,32.0,True
2017-11-30 22:49:54.060321,65,32.0,True
2017-11-30 22:49:59.080058,65,32.0,True
2017-11-30 22:50:04.099830,65,32.0,True
2017-11-30 22:50:09.119618,65,32.0,True
2017-11-30 22:50:14.140097,65,32.0,True
2017-11-30 22:50:19.159635,65,32.0,True
2017-11-30 22:50:24.179178,65,32.0,True
2017-11-30 22:50:29.197630,65,32.0,True
2017-11-30 22:50:34.217417,65,32.0,True
2017-11-30 22:50:39.238606,65,32.0,True
2017-11-30 22:50:44.260170,65,32.0,True
2017-11-30 22:50:49.279516,65,32.0,True
2017-11-30 22:50:54.299162,65,32.0,True
2017-11-30 22:50:59.317535,65,32.0,True
2017-11-30 22:51:04.337127,65,32.0,True
2017-11-30 22:51:09.356522,65,32.0,True
2017-11-30 22:51:14.377021,65,32.0,True
2017-11-30 22:51:19.395351,65,32.0,True
2017-11-30 22:51:24.414082,65,32.0,True
2017-11-30 22:51:29.432739,65,32.0,True
2017-11-30 22:51:34.451241,65,32.0,True
2017-11-30 22:51:39.469904,65,32.0,True
2017-11-30 22:51:44.488400,65,32.0,True
2017-11-30 22:51:49.507151,65,32.0,True
2017-11-30 22:51:54.528529,65,32.0,True
2017-11-30 22:51:59.547003,65,32.0,True
2017-11-30 22:52:04.566379,65,32.0,True
2017-11-30 22:52:09.586061,65,32.0,True
2017-11-30 22:52:14.602436,65,32.0,True
2017-11-30 22:52:19.621139,65,32.0,True
2017-11-30 22:52:24.640750,65,32.0,True
2017-11-30 22:52:29.660187,65,32.0,True
2017-11-30 22:52:34.679825,65,32.0,True
2017-11-30 22:52:39.699208,65,32.0,True
2017-11-30 22:52:44.718630,65,32.0,True
2017-11-30 22:52:49.738304,65,32.0,True
2017-11-30 22:52:54.758267,65,32.0,True
2017-11-30 22:52:59.779174,65,32.0,True
2017-11-30 22:53:04.798521,65,32.0,True
2017-11-30 22:53:09.818119,65,32.0,True
2017-11-30 22:53:14.838191,65,32.0,True
2017-11-30 22:53:19.857535,65,32.0,True
2017-11-30 22:53:24.877107,65,32.0,True
2017-11-30 22:53:29.898320,65,32.0,True
2017-11-30 22:53:34.916675,65,32.0,True
2017-11-30 22:53:39.935383,65,32.0,True
2017-11-30 22:53:44.954137,65,32.0,True
2017-11-30 22:53:49.972535,65,32.0,True
2017-11-30 22:53:54.991914,65,32.0,True
2017-11-30 22:54:00.008806,65,32.0,True
2017-11-30 22:54:05.031736,65,32.0,True
2017-11-30 22:54:10.052056,65,32.0,True
2017-11-30 22:54:15.080160,65,32.0,True
2017-11-30 22:54:20.099387,65,32.0,True
2017-11-30 22:54:25.119533,65,32.0,True
2017-11-30 22:54:30.139265,65,32.0,True
2017-11-30 22:54:35.154993,65,32.0,True
2017-11-30 22:54:40.173289,65,32.0,True
2017-11-30 22:54:45.193624,65,32.0,True
2017-11-30 22:54:50.211904,65,32.0,True
2017-11-30 22:54:55.231366,65,32.0,True
2017-11-30 22:55:00.250808,65,32.0,True
2017-11-30 22:55:05.270189,65,32.0,True
2017-11-30 22:55:10.289556,65,32.0,True
2017-11-30 22:55:15.309739,65,32.0,True
2017-11-30 22:55:20.329488,65,32.0,True
2017-11-30 22:55:25.348993,65,32.0,True
2017-11-30 22:55:30.368482,65,32.0,True
2017-11-30 22:55:35.387383,65,32.0,True
2017-11-30 22:55:40.405958,65,32.0,True
2017-11-30 22:55:45.421633,65,32.0,True
2017-11-30 22:55:50.431904,65,32.0,True
2017-11-30 22:55:55.451306,65,32.0,True
2017-11-30 22:56:00.467662,65,32.0,True
2017-11-30 22:56:05.486417,65,32.0,True
2017-11-30 22:56:10.504702,65,32.0,True
2017-11-30 22:56:15.524029,65,32.0,True
2017-11-30 22:56:20.542597,65,32.0,True
2017-11-30 22:56:25.559346,65,32.0,True
2017-11-30 22:56:30.576351,65,32.0,True
2017-11-30 22:56:35.593450,65,32.0,True
2017-11-30 22:56:40.613191,65,32.0,True
2017-11-30 22:56:45.629962,65,32.0,True
2017-11-30 22:56:50.649487,65,32.0,True
2017-11-30 22:56:55.670596,65,32.0,True
2017-11-30 22:57:00.687483,65,32.0,True
2017-11-30 22:57:05.705791,65,32.0,True
2017-11-30 22:57:10.722903,65,32.0,True
2017-11-30 22:57:15.741855,65,32.0,True
2017-11-30 22:57:20.761172,65,32.0,True
2017-11-30 22:57:25.780614,65,32.0,True
2017-11-30 22:57:30.799958,65,32.0,True
2017-11-30 22:57:35.816816,65,32.0,True
2017-11-30 22:57:40.834826,65,32.0,True
2017-11-30 22:57:45.849861,65,32.0,True
2017-11-30 22:57:50.870513,65,32.0,True
2017-11-30 22:57:55.888565,65,32.0,True
2017-11-30 22:58:00.906571,65,32.0,True
2017-11-30 22:58:05.924730,65,32.0,True
2017-11-30 22:58:10.940611,65,32.0,True
2017-11-30 22:58:15.957259,65,32.0,True
2017-11-30 22:58:20.973815,65,32.0,True
2017-11-30 22:58:25.992118,65,32.0,True
2017-11-30 22:58:31.012147,65,32.0,True
2017-11-30 22:58:36.030556,65,32.0,True
2017-11-30 22:58:41.049594,65,32.0,True
2017-11-30 22:58:46.060893,65,32.0,True
2017-11-30 22:58:51.076099,65,32.0,True
2017-11-30 22:58:56.091251,65,32.0,True
2017-11-30 22:59:01.109338,65,32.0,True
2017-11-30 22:59:06.127442,65,32.0,True
2017-11-30 22:59:11.145527,65,32.0,True
2017-11-30 22:59:16.164732,65,32.0,True
2017-11-30 22:59:21.181766,65,32.0,True
2017-11-30 22:59:26.197810,65,32.0,True
2017-11-30 22:59:31.217414,65,32.0,True
2017-11-30 22:59:36.238187,65,32.0,True
2017-11-30 22:59:41.257522,65,32.0,True
2017-11-30 22:59:46.276001,65,32.0,True
2017-11-30 22:59:51.295180,65,32.0,True
2017-11-30 22:59:56.313287,65,32.0,True
2017-11-30 23:00:01.323681,65,32.0,True
2017-11-30 23:00:06.350471,65,32.0,True
2017-11-30 23:00:11.369872,65,32.0,True
2017-11-30 23:00:16.389795,65,32.0,True
2017-11-30 23:00:21.408962,65,32.0,True
2017-11-30 23:00:26.428152,65,32.0,True
2017-11-30 23:00:31.447596,65,32.0,True
2017-11-30 23:00:36.464951,65,32.0,True
2017-11-30 23:00:41.485121,65,32.0,True
2017-11-30 23:00:46.503714,65,32.0,True
2017-11-30 23:00:51.522033,65,32.0,True
2017-11-30 23:00:56.540062,65,32.0,True
2017-11-30 23:01:01.559384,65,32.0,True
2017-11-30 23:01:06.577194,65,32.0,True
2017-11-30 23:01:11.596219,65,32.0,True
2017-11-30 23:01:16.614462,65,32.0,True
2017-11-30 23:01:21.632325,65,32.0,True
2017-11-30 23:01:26.650496,65,32.0,True
2017-11-30 23:01:31.668516,65,32.0,True
2017-11-30 23:01:36.686670,65,32.0,True
2017-11-30 23:01:41.706311,65,32.0,True
2017-11-30 23:01:46.725833,65,32.0,True
2017-11-30 23:01:51.743913,65,32.0,True
2017-11-30 23:01:56.763199,65,32.0,True
2017-11-30 23:02:01.782457,65,32.0,True
2017-11-30 23:02:06.801446,65,32.0,True
2017-11-30 23:02:11.821631,65,32.0,True
2017-11-30 23:02:16.839567,65,32.0,True
2017-11-30 23:02:21.859935,65,32.0,True
2017-11-30 23:02:26.875174,65,32.0,True
2017-11-30 23:02:31.893632,65,32.0,True
2017-11-30 23:02:36.912228,65,32.0,True
2017-11-30 23:02:41.931401,65,32.0,True
2017-11-30 23:02:46.949942,65,32.0,True
2017-11-30 23:02:51.968394,65,32.0,True
2017-11-30 23:02:56.986952,65,32.0,True
2017-11-30 23:03:02.005725,65,32.0,True
2017-11-30 23:03:07.024051,65,32.0,True
2017-11-30 23:03:12.044398,65,32.0,True
2017-11-30 23:03:17.062522,65,32.0,True
2017-11-30 23:03:22.080777,65,32.0,True
2017-11-30 23:03:27.099005,65,32.0,True
2017-11-30 23:03:32.118287,65,32.0,True
2017-11-30 23:03:37.136500,65,32.0,True
2017-11-30 23:03:42.153889,65,32.0,True
2017-11-30 23:03:47.172049,65,32.0,True
2017-11-30 23:03:52.193532,65,32.0,True
2017-11-30 23:03:57.214896,65,32.0,True
2017-11-30 23:04:02.232838,65,32.0,True
2017-11-30 23:04:07.251378,65,32.0,True
2017-11-30 23:04:12.271819,65,32.0,True
2017-11-30 23:04:17.291227,65,32.0,True
2017-11-30 23:04:22.310787,65,32.0,True
2017-11-30 23:04:27.331887,65,32.0,True
2017-11-30 23:04:32.351600,65,32.0,True
2017-11-30 23:04:37.371260,65,32.0,True
2017-11-30 23:04:42.388089,65,32.0,True
2017-11-30 23:04:47.403892,65,32.0,True
2017-11-30 23:04:52.422406,65,32.0,True
2017-11-30 23:04:57.440915,65,32.0,True
2017-11-30 23:05:02.460521,65,32.0,True
2017-11-30 23:05:07.477462,65,32.0,True
2017-11-30 23:05:12.496478,65,32.0,True
2017-11-30 23:05:17.512038,65,32.0,True
2017-11-30 23:05:22.528620,65,32.0,True
2017-11-30 23:05:27.548012,65,32.0,True
2017-11-30 23:05:32.567418,65,32.0,True
2017-11-30 23:05:37.586813,65,32.0,True
2017-11-30 23:05:42.601248,65,32.0,True
2017-11-30 23:05:47.621507,65,32.0,True
2017-11-30 23:05:52.638296,65,32.0,True
2017-11-30 23:05:57.654961,65,32.0,True
2017-11-30 23:06:02.673333,65,32.0,True
2017-11-30 23:06:07.692762,65,32.0,True
2017-11-30 23:06:12.712903,65,32.0,True
2017-11-30 23:06:17.732809,65,32.0,True
2017-11-30 23:06:22.752753,65,32.0,True
2017-11-30 23:06:27.771120,65,32.0,True
2017-11-30 23:06:32.787997,65,32.0,True
2017-11-30 23:06:37.806207,65,32.0,True
2017-11-30 23:06:42.823687,65,32.0,True
2017-11-30 23:06:47.842952,65,32.0,True
2017-11-30 23:06:52.863588,65,32.0,True
2017-11-30 23:06:57.880125,65,32.0,True
2017-11-30 23:07:02.888070,65,32.0,True
2017-11-30 23:07:07.907561,65,32.0,True
2017-11-30 23:07:12.927538,65,32.0,True
2017-11-30 23:07:17.947162,65,32.0,True
2017-11-30 23:07:22.965375,65,32.0,True
2017-11-30 23:07:27.983430,65,32.0,True
2017-11-30 23:07:33.001571,65,32.0,True
2017-11-30 23:07:38.018224,65,32.0,True
2017-11-30 23:07:43.034614,65,32.0,True
2017-11-30 23:07:48.052546,65,32.0,True
2017-11-30 23:07:53.071697,65,32.0,True
2017-11-30 23:07:58.089221,65,32.0,True
2017-11-30 23:08:03.107864,65,32.0,True
2017-11-30 23:08:08.123287,65,32.0,True
2017-11-30 23:08:13.140119,65,32.0,True
2017-11-30 23:08:18.153492,65,32.0,True
2017-11-30 23:08:23.173698,65,32.0,True
2017-11-30 23:08:28.191957,65,32.0,True
2017-11-30 23:08:33.211016,65,32.0,True
2017-11-30 23:08:38.229196,65,32.0,True
2017-11-30 23:08:43.239380,65,32.0,True
2017-11-30 23:08:48.263460,65,32.0,True
2017-11-30 23:08:53.281723,65,32.0,True
2017-11-30 23:08:58.299764,65,32.0,True
2017-11-30 23:09:03.318047,65,32.0,True
2017-11-30 23:09:08.336129,65,32.0,True
2017-11-30 23:09:13.355510,65,32.0,True
2017-11-30 23:09:18.373888,65,32.0,True
2017-11-30 23:09:23.393678,65,32.0,True
2017-11-30 23:09:28.413541,65,32.0,True
2017-11-30 23:09:33.431691,65,32.0,True
2017-11-30 23:09:38.451693,65,32.0,True
2017-11-30 23:09:43.471069,65,32.0,True
2017-11-30 23:09:48.489317,65,32.0,True
2017-11-30 23:09:53.507640,65,32.0,True
2017-11-30 23:09:58.527200,65,32.0,True
2017-11-30 23:10:03.546772,65,32.0,True
2017-11-30 23:10:08.566053,65,32.0,True
2017-11-30 23:10:13.584123,65,32.0,True
2017-11-30 23:10:18.602719,65,32.0,True
2017-11-30 23:10:23.621169,65,32.0,True
2017-11-30 23:10:28.639845,65,32.0,True
2017-11-30 23:10:33.658352,65,32.0,True
2017-11-30 23:10:38.676721,65,32.0,True
2017-11-30 23:10:43.695410,65,32.0,True
2017-11-30 23:10:48.714944,65,32.0,True
2017-11-30 23:10:53.733632,65,32.0,True
2017-11-30 23:10:58.753638,65,32.0,True
2017-11-30 23:11:03.774662,65,32.0,True
2017-11-30 23:11:08.793039,65,32.0,True
2017-11-30 23:11:13.813246,65,32.0,True
2017-11-30 23:11:18.833084,65,32.0,True
2017-11-30 23:11:23.852582,65,32.0,True
2017-11-30 23:11:28.871917,65,32.0,True
2017-11-30 23:11:33.891358,65,32.0,True
2017-11-30 23:11:38.907234,65,32.0,True
2017-11-30 23:11:43.928216,65,32.0,True
2017-11-30 23:11:48.949205,65,32.0,True
2017-11-30 23:11:53.968696,65,32.0,True
2017-11-30 23:11:58.988214,65,32.0,True
2017-11-30 23:12:04.007682,65,32.0,True
2017-11-30 23:12:09.027265,65,32.0,True
2017-11-30 23:12:14.045818,65,32.0,True
2017-11-30 23:12:19.065518,65,32.0,True
2017-11-30 23:12:24.084248,65,32.0,True
2017-11-30 23:12:29.102772,65,32.0,True
2017-11-30 23:12:34.121002,65,32.0,True
2017-11-30 23:12:39.139322,65,32.0,True
2017-11-30 23:12:44.157608,65,32.0,True
2017-11-30 23:12:49.175989,65,32.0,True
2017-11-30 23:12:54.194546,65,32.0,True
2017-11-30 23:12:59.213078,65,32.0,True
2017-11-30 23:13:04.232516,65,32.0,True
2017-11-30 23:13:09.252233,65,32.0,True
2017-11-30 23:13:14.270132,65,32.0,True
2017-11-30 23:13:19.288630,65,32.0,True
2017-11-30 23:13:24.308342,65,32.0,True
2017-11-30 23:13:29.328161,65,32.0,True
2017-11-30 23:13:34.348151,65,32.0,True
2017-11-30 23:13:39.367611,65,32.0,True
2017-11-30 23:13:44.387369,65,32.0,True
2017-11-30 23:13:49.407055,65,32.0,True
2017-11-30 23:13:54.426821,65,32.0,True
2017-11-30 23:13:59.446593,65,32.0,True
2017-11-30 23:14:04.466788,65,32.0,True
2017-11-30 23:14:09.486545,65,32.0,True
2017-11-30 23:14:14.505194,65,32.0,True
2017-11-30 23:14:19.523707,65,32.0,True
2017-11-30 23:14:24.541963,65,32.0,True
2017-11-30 23:14:29.560310,65,32.0,True
2017-11-30 23:14:34.578738,65,32.0,True
2017-11-30 23:14:39.597263,65,32.0,True
2017-11-30 23:14:44.616262,65,32.0,True
2017-11-30 23:14:49.635929,65,32.0,True
2017-11-30 23:14:54.654570,65,32.0,True
2017-11-30 23:14:59.674912,65,32.0,True
2017-11-30 23:15:04.694437,65,32.0,True
2017-11-30 23:15:09.712927,65,32.0,True
2017-11-30 23:15:14.733045,65,32.0,True
2017-11-30 23:15:19.750427,65,32.0,True
2017-11-30 23:15:24.766407,65,32.0,True
2017-11-30 23:15:29.784985,65,32.0,True
2017-11-30 23:15:34.803722,65,32.0,True
2017-11-30 23:15:39.822157,65,32.0,True
2017-11-30 23:15:44.839309,65,32.0,True
2017-11-30 23:15:49.857949,65,32.0,True
2017-11-30 23:15:54.876566,65,32.0,True
2017-11-30 23:15:59.895130,65,32.0,True
2017-11-30 23:16:04.916023,65,32.0,True
2017-11-30 23:16:09.934586,65,32.0,True
2017-11-30 23:16:14.954194,65,32.0,True
2017-11-30 23:16:19.972809,65,32.0,True
2017-11-30 23:16:24.992919,65,32.0,True
2017-11-30 23:16:30.011409,65,32.0,True
2017-11-30 23:16:35.030014,65,32.0,True
2017-11-30 23:16:40.046238,65,32.0,True
2017-11-30 23:16:45.064861,65,32.0,True
2017-11-30 23:16:50.083622,65,32.0,True
2017-11-30 23:16:55.102050,65,32.0,True
2017-11-30 23:17:00.120768,65,32.0,True
2017-11-30 23:17:05.147052,65,32.0,True
2017-11-30 23:17:10.164481,65,32.0,True
2017-11-30 23:17:15.183737,65,32.0,True
2017-11-30 23:17:20.203459,65,32.0,True
2017-11-30 23:17:25.222050,65,32.0,True
2017-11-30 23:17:30.240561,65,32.0,True
2017-11-30 23:17:35.259200,65,32.0,True
2017-11-30 23:17:40.277806,65,32.0,True
2017-11-30 23:17:45.296476,65,32.0,True
2017-11-30 23:17:50.315016,65,32.0,True
2017-11-30 23:17:55.333754,65,32.0,True
2017-11-30 23:18:00.353490,65,32.0,True
2017-11-30 23:18:05.373109,65,32.0,True
2017-11-30 23:18:10.392766,65,32.0,True
2017-11-30 23:18:15.408316,65,32.0,True
2017-11-30 23:18:20.427821,65,32.0,True
2017-11-30 23:18:25.447331,65,32.0,True
2017-11-30 23:18:30.466683,65,32.0,True
2017-11-30 23:18:35.485167,65,32.0,True
2017-11-30 23:18:40.504470,65,32.0,True
2017-11-30 23:18:45.524487,65,32.0,True
2017-11-30 23:18:50.542715,65,32.0,True
2017-11-30 23:18:55.562201,65,32.0,True
2017-11-30 23:19:00.581716,65,32.0,True
2017-11-30 23:19:05.601281,65,32.0,True
2017-11-30 23:19:10.620803,65,32.0,True
2017-11-30 23:19:15.641171,65,32.0,True
2017-11-30 23:19:20.660665,65,32.0,True
2017-11-30 23:19:25.677553,65,32.0,True
2017-11-30 23:19:30.697245,65,32.0,True
2017-11-30 23:19:35.717001,65,32.0,True
2017-11-30 23:19:40.736629,65,32.0,True
2017-11-30 23:19:45.757097,65,32.0,True
2017-11-30 23:19:50.775521,65,32.0,True
2017-11-30 23:19:55.795059,65,32.0,True
2017-11-30 23:20:00.805343,65,32.0,True
2017-11-30 23:20:05.832916,65,32.0,True
2017-11-30 23:20:10.850299,65,32.0,True
2017-11-30 23:20:15.869022,65,32.0,True
2017-11-30 23:20:20.887272,65,32.0,True
2017-11-30 23:20:25.905610,65,32.0,True
2017-11-30 23:20:30.923751,65,32.0,True
2017-11-30 23:20:35.942044,65,32.0,True
2017-11-30 23:20:40.960293,65,32.0,True
2017-11-30 23:20:45.979298,65,32.0,True
2017-11-30 23:20:50.997413,65,32.0,True
2017-11-30 23:20:56.015549,65,32.0,True
2017-11-30 23:21:01.034984,65,32.0,True
2017-11-30 23:21:06.054213,65,32.0,True
2017-11-30 23:21:11.072308,65,32.0,True
2017-11-30 23:21:16.091375,65,32.0,True
2017-11-30 23:21:21.107860,65,32.0,True
2017-11-30 23:21:26.126062,65,32.0,True
2017-11-30 23:21:31.144401,65,32.0,True
2017-11-30 23:21:36.162618,65,32.0,True
2017-11-30 23:21:41.183332,65,32.0,True
2017-11-30 23:21:46.201284,65,32.0,True
2017-11-30 23:21:51.219408,65,32.0,True
2017-11-30 23:21:56.237814,65,32.0,True
2017-11-30 23:22:01.256160,65,32.0,True
2017-11-30 23:22:06.274795,65,32.0,True
2017-11-30 23:22:11.295049,65,32.0,True
2017-11-30 23:22:16.314317,65,32.0,True
2017-11-30 23:22:21.333588,65,32.0,True
2017-11-30 23:22:26.351546,65,32.0,True
2017-11-30 23:22:31.369598,65,32.0,True
2017-11-30 23:22:36.385785,65,32.0,True
2017-11-30 23:22:41.405396,65,32.0,True
2017-11-30 23:22:46.423558,65,32.0,True
2017-11-30 23:22:51.439112,65,32.0,True
2017-11-30 23:22:56.457284,65,32.0,True
2017-11-30 23:23:01.475469,65,32.0,True
2017-11-30 23:23:06.493758,65,32.0,True
2017-11-30 23:23:11.512560,65,32.0,True
2017-11-30 23:23:16.530918,65,32.0,True
2017-11-30 23:23:21.549326,65,32.0,True
2017-11-30 23:23:26.567576,65,32.0,True
2017-11-30 23:23:31.585963,65,32.0,True
2017-11-30 23:23:36.605352,65,32.0,True
2017-11-30 23:23:41.623731,65,32.0,True
2017-11-30 23:23:46.641833,65,32.0,True
2017-11-30 23:23:51.660009,65,32.0,True
2017-11-30 23:23:56.678115,65,32.0,True
2017-11-30 23:24:01.698588,65,32.0,True
2017-11-30 23:24:06.716954,65,32.0,True
2017-11-30 23:24:11.737075,65,32.0,True
2017-11-30 23:24:16.755742,65,32.0,True
2017-11-30 23:24:21.771703,65,32.0,True
2017-11-30 23:24:26.790044,65,32.0,True
2017-11-30 23:24:31.808779,65,32.0,True
2017-11-30 23:24:36.824670,65,32.0,True
2017-11-30 23:24:41.840679,65,32.0,True
2017-11-30 23:24:46.856633,65,32.0,True
2017-11-30 23:24:51.876154,65,32.0,True
2017-11-30 23:24:56.894886,65,32.0,True
2017-11-30 23:25:01.913584,65,32.0,True
2017-11-30 23:25:06.933698,65,32.0,True
2017-11-30 23:25:11.950609,65,32.0,True
2017-11-30 23:25:16.966620,65,32.0,True
2017-11-30 23:25:21.985217,65,32.0,True
2017-11-30 23:25:27.004809,65,32.0,True
2017-11-30 23:25:32.020701,65,32.0,True
2017-11-30 23:25:37.039307,65,32.0,True
2017-11-30 23:25:42.057716,65,32.0,True
2017-11-30 23:25:47.073524,65,32.0,True
2017-11-30 23:25:52.089509,65,32.0,True
2017-11-30 23:25:57.107903,65,32.0,True
2017-11-30 23:26:02.127344,65,32.0,True
2017-11-30 23:26:07.144965,65,32.0,True
2017-11-30 23:26:12.164928,65,32.0,True
2017-11-30 23:26:17.183072,65,32.0,True
2017-11-30 23:26:22.200041,65,32.0,True
2017-11-30 23:26:27.216764,65,32.0,True
2017-11-30 23:26:32.234640,65,32.0,True
2017-11-30 23:26:37.252730,65,32.0,True
2017-11-30 23:26:42.268394,65,32.0,True
2017-11-30 23:26:47.284295,65,32.0,True
2017-11-30 23:26:52.302295,65,32.0,True
2017-11-30 23:26:57.318534,65,32.0,True
2017-11-30 23:27:02.334341,65,32.0,True
2017-11-30 23:27:07.352386,65,32.0,True
2017-11-30 23:27:12.371527,65,32.0,True
2017-11-30 23:27:17.389752,65,32.0,True
2017-11-30 23:27:22.406280,65,32.0,True
2017-11-30 23:27:27.424510,65,32.0,True
2017-11-30 23:27:32.439975,65,32.0,True
2017-11-30 23:27:37.455347,65,32.0,True
2017-11-30 23:27:42.471018,65,32.0,True
2017-11-30 23:27:47.489142,65,32.0,True
2017-11-30 23:27:52.507425,65,32.0,True
2017-11-30 23:27:57.525600,65,32.0,True
2017-11-30 23:28:02.542650,65,32.0,True
2017-11-30 23:28:07.558312,65,32.0,True
2017-11-30 23:28:12.579438,65,32.0,True
2017-11-30 23:28:17.599170,65,32.0,True
2017-11-30 23:28:22.618827,65,32.0,True
2017-11-30 23:28:27.638601,65,32.0,True
2017-11-30 23:28:32.658042,65,32.0,True
2017-11-30 23:28:37.678052,65,32.0,True
2017-11-30 23:28:42.699092,65,32.0,True
2017-11-30 23:28:47.716326,65,32.0,True
2017-11-30 23:28:52.735028,65,32.0,True
2017-11-30 23:28:57.753779,65,32.0,True
2017-11-30 23:29:02.774451,65,32.0,True
2017-11-30 23:29:07.792860,65,32.0,True
2017-11-30 23:29:12.815359,65,32.0,True
2017-11-30 23:29:17.834075,65,32.0,True
2017-11-30 23:29:22.852628,65,32.0,True
2017-11-30 23:29:27.871165,65,32.0,True
2017-11-30 23:29:32.889718,65,32.0,True
2017-11-30 23:29:37.908275,65,32.0,True
2017-11-30 23:29:42.926598,65,32.0,True
2017-11-30 23:29:47.945353,65,32.0,True
2017-11-30 23:29:52.964874,65,32.0,True
2017-11-30 23:29:57.983343,65,32.0,True
2017-11-30 23:30:03.002781,65,32.0,True
2017-11-30 23:30:08.017408,65,32.0,True
2017-11-30 23:30:13.037671,65,32.0,True
2017-11-30 23:30:18.055156,65,32.0,True
2017-11-30 23:30:23.076377,65,32.0,True
2017-11-30 23:30:28.096486,65,32.0,True
2017-11-30 23:30:33.116114,65,32.0,True
2017-11-30 23:30:38.135594,65,32.0,True
2017-11-30 23:30:43.153642,65,32.0,True
2017-11-30 23:30:48.172279,65,32.0,True
2017-11-30 23:30:53.188074,65,32.0,True
2017-11-30 23:30:58.208252,65,32.0,True
2017-11-30 23:31:03.226481,65,32.0,True
2017-11-30 23:31:08.245639,65,32.0,True
2017-11-30 23:31:13.264573,65,32.0,True
2017-11-30 23:31:18.282863,65,32.0,True
2017-11-30 23:31:23.301240,65,32.0,True
2017-11-30 23:31:28.319528,65,32.0,True
2017-11-30 23:31:33.337640,65,32.0,True
2017-11-30 23:31:38.355778,65,32.0,True
2017-11-30 23:31:43.374015,65,32.0,True
2017-11-30 23:31:48.392327,65,32.0,True
2017-11-30 23:31:53.410686,65,32.0,True
2017-11-30 23:31:58.429035,65,32.0,True
2017-11-30 23:32:03.447392,65,32.0,True
2017-11-30 23:32:08.467004,65,32.0,True
2017-11-30 23:32:13.486288,65,32.0,True
2017-11-30 23:32:18.504061,65,32.0,True
2017-11-30 23:32:23.523345,65,32.0,True
2017-11-30 23:32:28.541324,65,32.0,True
2017-11-30 23:32:33.559351,65,32.0,True
2017-11-30 23:32:38.578561,65,32.0,True
2017-11-30 23:32:43.597690,65,32.0,True
2017-11-30 23:32:48.616401,65,32.0,True
2017-11-30 23:32:53.635228,65,32.0,True
2017-11-30 23:32:58.653926,65,32.0,True
2017-11-30 23:33:03.672570,65,32.0,True
2017-11-30 23:33:08.691137,65,32.0,True
2017-11-30 23:33:13.710620,65,32.0,True
2017-11-30 23:33:18.728984,65,32.0,True
2017-11-30 23:33:23.748822,65,32.0,True
2017-11-30 23:33:28.767383,65,32.0,True
2017-11-30 23:33:33.786130,65,32.0,True
2017-11-30 23:33:38.805774,65,32.0,True
2017-11-30 23:33:43.824532,65,32.0,True
2017-11-30 23:33:48.844519,65,32.0,True
2017-11-30 23:33:53.862900,65,32.0,True
2017-11-30 23:33:58.881414,65,32.0,True
2017-11-30 23:34:03.899825,65,32.0,True
2017-11-30 23:34:08.918163,65,32.0,True
2017-11-30 23:34:13.937266,65,32.0,True
2017-11-30 23:34:18.955975,65,32.0,True
2017-11-30 23:34:23.975314,65,32.0,True
2017-11-30 23:34:28.993793,65,32.0,True
2017-11-30 23:34:34.012163,65,32.0,True
2017-11-30 23:34:39.030503,65,32.0,True
2017-11-30 23:34:44.049067,65,32.0,True
2017-11-30 23:34:49.067376,65,32.0,True
2017-11-30 23:34:54.088421,65,32.0,True
2017-11-30 23:34:59.106776,65,32.0,True
2017-11-30 23:35:04.126002,65,32.0,True
2017-11-30 23:35:09.145327,65,32.0,True
2017-11-30 23:35:14.165757,65,32.0,True
2017-11-30 23:35:19.185217,65,32.0,True
2017-11-30 23:35:24.204524,65,32.0,True
2017-11-30 23:35:29.224223,65,32.0,True
2017-11-30 23:35:34.242853,65,32.0,True
2017-11-30 23:35:39.262167,65,32.0,True
2017-11-30 23:35:44.281517,65,32.0,True
2017-11-30 23:35:49.300813,65,32.0,True
2017-11-30 23:35:54.320286,65,32.0,True
2017-11-30 23:35:59.340906,65,32.0,True
2017-11-30 23:36:04.360115,65,32.0,True
2017-11-30 23:36:09.380097,65,32.0,True
2017-11-30 23:36:14.400351,65,32.0,True
2017-11-30 23:36:19.419472,65,32.0,True
2017-11-30 23:36:24.436727,65,32.0,True
2017-11-30 23:36:29.455322,65,32.0,True
2017-11-30 23:36:34.473837,65,32.0,True
2017-11-30 23:36:39.491793,65,32.0,True
2017-11-30 23:36:44.510087,65,32.0,True
2017-11-30 23:36:49.528608,65,32.0,True
2017-11-30 23:36:54.547139,65,32.0,True
2017-11-30 23:36:59.566775,65,32.0,True
2017-11-30 23:37:04.589601,65,32.0,True
2017-11-30 23:37:09.608642,65,32.0,True
2017-11-30 23:37:14.632520,65,32.0,True
2017-11-30 23:37:19.648655,65,32.0,True
2017-11-30 23:37:24.666750,65,32.0,True
2017-11-30 23:37:29.687205,65,32.0,True
2017-11-30 23:37:34.706446,65,32.0,True
2017-11-30 23:37:39.725625,65,32.0,True
2017-11-30 23:37:44.745108,65,32.0,True
2017-11-30 23:37:49.764294,65,32.0,True
2017-11-30 23:37:54.784490,65,32.0,True
2017-11-30 23:37:59.802396,65,32.0,True
2017-11-30 23:38:04.817618,65,32.0,True
2017-11-30 23:38:09.835030,65,32.0,True
2017-11-30 23:38:14.854541,65,32.0,True
2017-11-30 23:38:19.872311,65,32.0,True
2017-11-30 23:38:24.891970,65,32.0,True
2017-11-30 23:38:29.912663,65,32.0,True
2017-11-30 23:38:34.932011,65,32.0,True
2017-11-30 23:38:39.950308,65,32.0,True
2017-11-30 23:38:44.967402,65,32.0,True
2017-11-30 23:38:49.986017,65,32.0,True
2017-11-30 23:38:55.005467,65,32.0,True
2017-11-30 23:39:00.024926,65,32.0,True
2017-11-30 23:39:05.044446,65,32.0,True
2017-11-30 23:39:10.063115,65,32.0,True
2017-11-30 23:39:15.083435,65,32.0,True
2017-11-30 23:39:20.102800,65,32.0,True
2017-11-30 23:39:25.122141,65,32.0,True
2017-11-30 23:39:30.141315,65,32.0,True
2017-11-30 23:39:35.162189,65,32.0,True
2017-11-30 23:39:40.181534,65,32.0,True
2017-11-30 23:39:45.200721,65,32.0,True
2017-11-30 23:39:50.219897,65,32.0,True
2017-11-30 23:39:55.238295,65,32.0,True
2017-11-30 23:40:00.256688,65,32.0,True
2017-11-30 23:40:05.275950,65,32.0,True
2017-11-30 23:40:10.295156,65,32.0,True
2017-11-30 23:40:15.315127,65,32.0,True
2017-11-30 23:40:20.334582,65,32.0,True
2017-11-30 23:40:25.353164,65,32.0,True
2017-11-30 23:40:30.372503,65,32.0,True
2017-11-30 23:40:35.387322,65,32.0,True
2017-11-30 23:40:40.406819,65,32.0,True
2017-11-30 23:40:45.426167,65,32.0,True
2017-11-30 23:40:50.448241,65,32.0,True
2017-11-30 23:40:55.467649,65,32.0,True
2017-11-30 23:41:00.487145,65,32.0,True
2017-11-30 23:41:05.504671,65,32.0,True
2017-11-30 23:41:10.524380,65,32.0,True
2017-11-30 23:41:15.543955,65,32.0,True
2017-11-30 23:41:20.563249,65,32.0,True
2017-11-30 23:41:25.582577,65,32.0,True
2017-11-30 23:41:30.601689,65,32.0,True
2017-11-30 23:41:35.620887,65,32.0,True
2017-11-30 23:41:40.640139,65,32.0,True
2017-11-30 23:41:45.659452,65,32.0,True
2017-11-30 23:41:50.668247,65,32.0,True
2017-11-30 23:41:55.693648,65,32.0,True
2017-11-30 23:42:00.711670,65,32.0,True
2017-11-30 23:42:05.731183,65,32.0,True
2017-11-30 23:42:10.749197,65,32.0,True
2017-11-30 23:42:15.770019,65,32.0,True
2017-11-30 23:42:20.787044,65,32.0,True
2017-11-30 23:42:25.805875,65,32.0,True
2017-11-30 23:42:30.818261,65,32.0,True
2017-11-30 23:42:35.837307,65,32.0,True
2017-11-30 23:42:40.854192,65,32.0,True
2017-11-30 23:42:45.873517,65,32.0,True
2017-11-30 23:42:50.890457,65,32.0,True
2017-11-30 23:42:55.909597,65,32.0,True
2017-11-30 23:43:00.927834,65,32.0,True
2017-11-30 23:43:05.945816,65,32.0,True
2017-11-30 23:43:10.963959,65,32.0,True
2017-11-30 23:43:15.983066,65,32.0,True
2017-11-30 23:43:21.000912,65,32.0,True
2017-11-30 23:43:26.019013,65,32.0,True
2017-11-30 23:43:31.037165,65,32.0,True
2017-11-30 23:43:36.055336,65,32.0,True
2017-11-30 23:43:41.074640,65,32.0,True
2017-11-30 23:43:46.095181,65,32.0,True
2017-11-30 23:43:51.114820,65,32.0,True
2017-11-30 23:43:56.133098,65,32.0,True
2017-11-30 23:44:01.152035,65,32.0,True
2017-11-30 23:44:06.173819,65,32.0,True
2017-11-30 23:44:11.193275,65,32.0,True
2017-11-30 23:44:16.213293,65,32.0,True
2017-11-30 23:44:21.228101,65,32.0,True
2017-11-30 23:44:26.246597,65,32.0,True
2017-11-30 23:44:31.262420,65,32.0,True
2017-11-30 23:44:36.280741,65,32.0,True
2017-11-30 23:44:41.293709,65,32.0,True
2017-11-30 23:44:46.310179,65,32.0,True
2017-11-30 23:44:51.328595,65,32.0,True
2017-11-30 23:44:56.346677,65,32.0,True
2017-11-30 23:45:01.365309,65,32.0,True
2017-11-30 23:45:06.381061,65,32.0,True
2017-11-30 23:45:11.399351,65,32.0,True
2017-11-30 23:45:16.415857,65,32.0,True
2017-11-30 23:45:21.435571,65,32.0,True
2017-11-30 23:45:26.452832,65,32.0,True
2017-11-30 23:45:31.468564,65,32.0,True
2017-11-30 23:45:36.486952,65,32.0,True
2017-11-30 23:45:41.504365,65,32.0,True
2017-11-30 23:45:46.520076,65,32.0,True
2017-11-30 23:45:51.535840,65,32.0,True
2017-11-30 23:45:56.554405,65,32.0,True
2017-11-30 23:46:01.572661,65,32.0,True
2017-11-30 23:46:06.591017,65,32.0,True
2017-11-30 23:46:11.611439,65,32.0,True
2017-11-30 23:46:16.627270,65,32.0,True
2017-11-30 23:46:21.646310,65,32.0,True
2017-11-30 23:46:26.662395,65,32.0,True
2017-11-30 23:46:31.680608,65,32.0,True
2017-11-30 23:46:36.699186,65,32.0,True
2017-11-30 23:46:41.715098,65,32.0,True
2017-11-30 23:46:46.732917,65,32.0,True
2017-11-30 23:46:51.748926,65,32.0,True
2017-11-30 23:46:56.769036,65,32.0,True
2017-11-30 23:47:01.787463,65,32.0,True
2017-11-30 23:47:06.806127,65,32.0,True
2017-11-30 23:47:11.825443,65,32.0,True
2017-11-30 23:47:16.841250,65,32.0,True
2017-11-30 23:47:21.859868,65,32.0,True
2017-11-30 23:47:26.876631,65,32.0,True
2017-11-30 23:47:31.895389,65,32.0,True
2017-11-30 23:47:36.911216,65,32.0,True
2017-11-30 23:47:41.926822,65,32.0,True
2017-11-30 23:47:46.942770,65,32.0,True
2017-11-30 23:47:51.961133,65,32.0,True
2017-11-30 23:47:56.977144,65,32.0,True
2017-11-30 23:48:01.996801,65,32.0,True
2017-11-30 23:48:07.017869,65,32.0,True
2017-11-30 23:48:12.037762,65,32.0,True
2017-11-30 23:48:17.057142,65,32.0,True
2017-11-30 23:48:22.078043,65,32.0,True
2017-11-30 23:48:27.097280,65,32.0,True
2017-11-30 23:48:32.116691,65,32.0,True
2017-11-30 23:48:37.132244,65,32.0,True
2017-11-30 23:48:42.151223,65,32.0,True
2017-11-30 23:48:47.169304,65,32.0,True
2017-11-30 23:48:52.188476,65,32.0,True
2017-11-30 23:48:57.207913,65,32.0,True
2017-11-30 23:49:02.227132,65,32.0,True
2017-11-30 23:49:07.244337,65,32.0,True
2017-11-30 23:49:12.264255,65,32.0,True
2017-11-30 23:49:17.283169,65,32.0,True
2017-11-30 23:49:22.302436,65,32.0,True
2017-11-30 23:49:27.321859,65,32.0,True
2017-11-30 23:49:32.340966,65,32.0,True
2017-11-30 23:49:37.360432,65,32.0,True
2017-11-30 23:49:42.379671,65,32.0,True
2017-11-30 23:49:47.398997,65,32.0,True
2017-11-30 23:49:52.418497,65,32.0,True
2017-11-30 23:49:57.436722,65,32.0,True
2017-11-30 23:50:02.456254,65,32.0,True
2017-11-30 23:50:07.475751,65,32.0,True
2017-11-30 23:50:12.496232,65,32.0,True
2017-11-30 23:50:17.515870,65,32.0,True
2017-11-30 23:50:22.537366,65,32.0,True
2017-11-30 23:50:27.557132,65,32.0,True
2017-11-30 23:50:32.576855,65,32.0,True
2017-11-30 23:50:37.596593,65,32.0,True
2017-11-30 23:50:42.617662,65,32.0,True
2017-11-30 23:50:47.637448,65,32.0,True
2017-11-30 23:50:52.656984,65,32.0,True
2017-11-30 23:50:57.676568,65,32.0,True
2017-11-30 23:51:02.696108,65,32.0,True
2017-11-30 23:51:07.717285,65,32.0,True
2017-11-30 23:51:12.736044,65,32.0,True
2017-11-30 23:51:17.755848,65,32.0,True
2017-11-30 23:51:22.775588,65,32.0,True
2017-11-30 23:51:27.795136,65,32.0,True
2017-11-30 23:51:32.814682,65,32.0,True
2017-11-30 23:51:37.832762,65,32.0,True
2017-11-30 23:51:42.852286,65,32.0,True
2017-11-30 23:51:47.871999,65,32.0,True
2017-11-30 23:51:52.891421,65,32.0,True
2017-11-30 23:51:57.910878,65,32.0,True
2017-11-30 23:52:02.930528,65,32.0,True
2017-11-30 23:52:07.950155,65,32.0,True
2017-11-30 23:52:12.966688,65,32.0,True
2017-11-30 23:52:17.984197,65,32.0,True
2017-11-30 23:52:23.003799,65,32.0,True
2017-11-30 23:52:28.022178,65,32.0,True
2017-11-30 23:52:33.040474,65,32.0,True
2017-11-30 23:52:38.058994,65,32.0,True
2017-11-30 23:52:43.077509,65,32.0,True
2017-11-30 23:52:48.095888,65,32.0,True
2017-11-30 23:52:53.114314,65,32.0,True
2017-11-30 23:52:58.132649,65,32.0,True
2017-11-30 23:53:03.153767,65,32.0,True
2017-11-30 23:53:08.173384,65,32.0,True
2017-11-30 23:53:13.191119,65,32.0,True
2017-11-30 23:53:18.209483,65,32.0,True
2017-11-30 23:53:23.227982,65,32.0,True
2017-11-30 23:53:28.247637,65,32.0,True
2017-11-30 23:53:33.267409,65,32.0,True
2017-11-30 23:53:38.288498,65,32.0,True
2017-11-30 23:53:43.304877,65,32.0,True
2017-11-30 23:53:48.322368,65,32.0,True
2017-11-30 23:53:53.340215,65,32.0,True
2017-11-30 23:53:58.355771,65,32.0,True
2017-11-30 23:54:03.373786,65,32.0,True
2017-11-30 23:54:08.384163,65,32.0,True
2017-11-30 23:54:13.412187,65,32.0,True
2017-11-30 23:54:18.431458,65,32.0,True
2017-11-30 23:54:23.452363,65,32.0,True
2017-11-30 23:54:28.471650,65,32.0,True
2017-11-30 23:54:33.490883,65,32.0,True
2017-11-30 23:54:38.510290,65,32.0,True
2017-11-30 23:54:43.529593,65,32.0,True
2017-11-30 23:54:48.550693,65,32.0,True
2017-11-30 23:54:53.569930,65,32.0,True
2017-11-30 23:54:58.588235,65,32.0,True
2017-11-30 23:55:03.607565,65,32.0,True
2017-11-30 23:55:08.626920,65,32.0,True
2017-11-30 23:55:13.644512,65,32.0,True
2017-11-30 23:55:18.662641,65,32.0,True
2017-11-30 23:55:23.681958,65,32.0,True
2017-11-30 23:55:28.701070,65,32.0,True
2017-11-30 23:55:33.720339,65,32.0,True
2017-11-30 23:55:38.739407,65,32.0,True
2017-11-30 23:55:43.758722,65,32.0,True
2017-11-30 23:55:48.778581,65,32.0,True
2017-11-30 23:55:53.799297,65,32.0,True
2017-11-30 23:55:58.820142,65,32.0,True
2017-11-30 23:56:03.839635,65,32.0,True
2017-11-30 23:56:08.858910,65,32.0,True
2017-11-30 23:56:13.877674,65,32.0,True
2017-11-30 23:56:18.896106,65,32.0,True
2017-11-30 23:56:23.914943,65,32.0,True
2017-11-30 23:56:28.933490,65,32.0,True
2017-11-30 23:56:33.951954,65,32.0,True
2017-11-30 23:56:38.970357,65,32.0,True
2017-11-30 23:56:43.988863,65,32.0,True
2017-11-30 23:56:49.007429,65,32.0,True
2017-11-30 23:56:54.025996,65,32.0,True
2017-11-30 23:56:59.044716,65,32.0,True
2017-11-30 23:57:04.066193,65,32.0,True
2017-11-30 23:57:09.084034,65,32.0,True
2017-11-30 23:57:14.103443,65,32.0,True
2017-11-30 23:57:19.121841,65,32.0,True
2017-11-30 23:57:24.140931,65,32.0,True
2017-11-30 23:57:29.160330,65,32.0,True
2017-11-30 23:57:34.178463,65,32.0,True
2017-11-30 23:57:39.197565,65,32.0,True
2017-11-30 23:57:44.214852,65,32.0,True
2017-11-30 23:57:49.233285,65,32.0,True
2017-11-30 23:57:54.251837,65,32.0,True
2017-11-30 23:57:59.270852,65,32.0,True
2017-11-30 23:58:04.289240,65,32.0,True
2017-11-30 23:58:09.307641,65,32.0,True
2017-11-30 23:58:14.328053,65,32.0,True
2017-11-30 23:58:19.347676,65,32.0,True
2017-11-30 23:58:24.366957,65,32.0,True
2017-11-30 23:58:29.385209,65,32.0,True
2017-11-30 23:58:34.404846,65,32.0,True
2017-11-30 23:58:39.423230,65,32.0,True
2017-11-30 23:58:44.443538,65,32.0,True
2017-11-30 23:58:49.461375,65,32.0,True
2017-11-30 23:58:54.480898,65,32.0,True
2017-11-30 23:58:59.500598,65,32.0,True
2017-11-30 23:59:04.517364,65,32.0,True
2017-11-30 23:59:09.536936,65,32.0,True
2017-11-30 23:59:14.557124,65,32.0,True
2017-11-30 23:59:19.574550,65,32.0,True
2017-11-30 23:59:24.592538,65,32.0,True
2017-11-30 23:59:29.612014,65,32.0,True
2017-11-30 23:59:34.632501,65,32.0,True
2017-11-30 23:59:39.651922,65,32.0,True
2017-11-30 23:59:44.672871,65,32.0,True
2017-11-30 23:59:49.692635,65,32.0,True
2017-11-30 23:59:54.710332,65,32.0,True
2017-11-30 23:59:59.728299,65,32.0,True
